{"cameraMode":{"drawMode":0,"name":"Shaded","section":"Shading Mode"},"sceneLighting":false,"audioPlay":false,"sceneViewState":{"m_AlwaysRefresh":false,"showFog":true,"showSkybox":true,"showFlares":true,"showImageEffects":true,"showParticleSystems":true,"showVisualEffectGraphs":true,"m_FxEnabled":true},"in2DMode":false,"pivot":{"x":32.53901290893555,"y":14.117117881774903,"z":68.6084976196289},"rotation":{"x":0.002443697303533554,"y":0.9740268588066101,"z":-0.2263254076242447,"w":0.010520854964852333},"size":-0.006742348428815603,"orthographic":false}