{"cameraMode":{"drawMode":0,"name":"Shaded","section":"Shading Mode"},"sceneLighting":false,"audioPlay":false,"sceneViewState":{"m_AlwaysRefresh":false,"showFog":true,"showSkybox":true,"showFlares":true,"showImageEffects":true,"showParticleSystems":true,"showVisualEffectGraphs":true,"m_FxEnabled":true},"in2DMode":false,"pivot":{"x":0.9577251076698303,"y":5.329071044921875,"z":6.805520534515381},"rotation":{"x":0.14676368236541749,"y":0.016329586505889894,"z":-0.0023457577917724849,"w":0.9890633821487427},"size":7.923172950744629,"orthographic":true}