{"cameraMode":{"drawMode":0,"name":"Shaded","section":"Shading Mode"},"sceneLighting":false,"audioPlay":false,"sceneViewState":{"m_AlwaysRefresh":false,"showFog":true,"showSkybox":false,"showFlares":true,"showImageEffects":true,"showParticleSystems":true,"showVisualEffectGraphs":true,"m_FxEnabled":true},"in2DMode":false,"pivot":{"x":259.361083984375,"y":96.58597564697266,"z":24.50432777404785},"rotation":{"x":-0.011988149024546147,"y":-0.04437064006924629,"z":-0.0005313240108080208,"w":0.9989323019981384},"size":237.88812255859376,"orthographic":true}